Timestamp,ReportingGroup,LocationName,Value,Unit
01/08/2019 00:00:00,Electricity,1000 Hakaniemen kauppahalli,0,kWh
01/09/2019 00:00:00,Electricity,1000 Hakaniemen kauppahalli,0,kWh
01/10/2019 00:00:00,Electricity,1000 Hakaniemen kauppahalli,0,kWh
01/11/2019 00:00:00,Electricity,1000 Hakaniemen kauppahalli,20,kWh
01/12/2019 00:00:00,Electricity,1000 Hakaniemen kauppahalli,31,kWh
01/13/2019 00:00:00,Electricity,1000 Hakaniemen kauppahalli,1,kWh
01/14/2019 00:00:00,Electricity,1000 Hakaniemen kauppahalli,1,kWh
01/15/2019 00:00:00,Electricity,1000 Hakaniemen kauppahalli,17,kWh
01/16/2019 00:00:00,Electricity,1000 Hakaniemen kauppahalli,15,kWh
01/17/2019 00:00:00,Electricity,1000 Hakaniemen kauppahalli,1,kWh
01/18/2019 00:00:00,Electricity,1000 Hakaniemen kauppahalli,0,kWh
01/19/2019 00:00:00,Electricity,1000 Hakaniemen kauppahalli,0,kWh
01/20/2019 00:00:00,Electricity,1000 Hakaniemen kauppahalli,0,kWh
01/21/2019 00:00:00,Electricity,1000 Hakaniemen kauppahalli,1,kWh
01/22/2019 00:00:00,Electricity,1000 Hakaniemen kauppahalli,22,kWh
01/23/2019 00:00:00,Electricity,1000 Hakaniemen kauppahalli,14,kWh
01/24/2019 00:00:00,Electricity,1000 Hakaniemen kauppahalli,22,kWh
01/25/2019 00:00:00,Electricity,1000 Hakaniemen kauppahalli,12,kWh
01/26/2019 00:00:00,Electricity,1000 Hakaniemen kauppahalli,51,kWh
01/27/2019 00:00:00,Electricity,1000 Hakaniemen kauppahalli,1,kWh
01/28/2019 00:00:00,Electricity,1000 Hakaniemen kauppahalli,1,kWh
01/29/2019 00:00:00,Electricity,1000 Hakaniemen kauppahalli,12,kWh
01/30/2019 00:00:00,Electricity,1000 Hakaniemen kauppahalli,13,kWh
01/31/2019 00:00:00,Electricity,1000 Hakaniemen kauppahalli,12,kWh
02/01/2019 00:00:00,Electricity,1000 Hakaniemen kauppahalli,21,kWh
02/02/2019 00:00:00,Electricity,1000 Hakaniemen kauppahalli,59,kWh
02/03/2019 00:00:00,Electricity,1000 Hakaniemen kauppahalli,30,kWh
02/04/2019 00:00:00,Electricity,1000 Hakaniemen kauppahalli,0,kWh
02/05/2019 00:00:00,Electricity,1000 Hakaniemen kauppahalli,11,kWh
02/06/2019 00:00:00,Electricity,1000 Hakaniemen kauppahalli,13,kWh
02/07/2019 00:00:00,Electricity,1000 Hakaniemen kauppahalli,8,kWh
02/08/2019 00:00:00,Electricity,1000 Hakaniemen kauppahalli,17,kWh
02/09/2019 00:00:00,Electricity,1000 Hakaniemen kauppahalli,33,kWh
02/10/2019 00:00:00,Electricity,1000 Hakaniemen kauppahalli,1,kWh
02/11/2019 00:00:00,Electricity,1000 Hakaniemen kauppahalli,1,kWh
02/12/2019 00:00:00,Electricity,1000 Hakaniemen kauppahalli,1,kWh
02/13/2019 00:00:00,Electricity,1000 Hakaniemen kauppahalli,15,kWh
02/14/2019 00:00:00,Electricity,1000 Hakaniemen kauppahalli,14,kWh
02/15/2019 00:00:00,Electricity,1000 Hakaniemen kauppahalli,6,kWh
02/16/2019 00:00:00,Electricity,1000 Hakaniemen kauppahalli,8,kWh
02/17/2019 00:00:00,Electricity,1000 Hakaniemen kauppahalli,1,kWh
02/18/2019 00:00:00,Electricity,1000 Hakaniemen kauppahalli,1,kWh
02/19/2019 00:00:00,Electricity,1000 Hakaniemen kauppahalli,1,kWh
02/20/2019 00:00:00,Electricity,1000 Hakaniemen kauppahalli,1,kWh
02/21/2019 00:00:00,Electricity,1000 Hakaniemen kauppahalli,1,kWh
02/22/2019 00:00:00,Electricity,1000 Hakaniemen kauppahalli,1,kWh
02/23/2019 00:00:00,Electricity,1000 Hakaniemen kauppahalli,7,kWh
02/24/2019 00:00:00,Electricity,1000 Hakaniemen kauppahalli,1,kWh
02/25/2019 00:00:00,Electricity,1000 Hakaniemen kauppahalli,1,kWh
02/26/2019 00:00:00,Electricity,1000 Hakaniemen kauppahalli,4,kWh
02/27/2019 00:00:00,Electricity,1000 Hakaniemen kauppahalli,9,kWh
02/28/2019 00:00:00,Electricity,1000 Hakaniemen kauppahalli,3,kWh
03/01/2019 00:00:00,Electricity,1000 Hakaniemen kauppahalli,15,kWh
03/02/2019 00:00:00,Electricity,1000 Hakaniemen kauppahalli,32,kWh
03/03/2019 00:00:00,Electricity,1000 Hakaniemen kauppahalli,97,kWh
03/04/2019 00:00:00,Electricity,1000 Hakaniemen kauppahalli,1,kWh
03/05/2019 00:00:00,Electricity,1000 Hakaniemen kauppahalli,17,kWh
03/06/2019 00:00:00,Electricity,1000 Hakaniemen kauppahalli,17,kWh
03/07/2019 00:00:00,Electricity,1000 Hakaniemen kauppahalli,3,kWh
03/08/2019 00:00:00,Electricity,1000 Hakaniemen kauppahalli,9,kWh
03/09/2019 00:00:00,Electricity,1000 Hakaniemen kauppahalli,34,kWh
03/10/2019 00:00:00,Electricity,1000 Hakaniemen kauppahalli,1,kWh
03/11/2019 00:00:00,Electricity,1000 Hakaniemen kauppahalli,1,kWh
03/12/2019 00:00:00,Electricity,1000 Hakaniemen kauppahalli,9,kWh
03/13/2019 00:00:00,Electricity,1000 Hakaniemen kauppahalli,11,kWh
03/14/2019 00:00:00,Electricity,1000 Hakaniemen kauppahalli,14,kWh
03/15/2019 00:00:00,Electricity,1000 Hakaniemen kauppahalli,16,kWh
03/16/2019 00:00:00,Electricity,1000 Hakaniemen kauppahalli,19,kWh
03/17/2019 00:00:00,Electricity,1000 Hakaniemen kauppahalli,1,kWh
03/18/2019 00:00:00,Electricity,1000 Hakaniemen kauppahalli,1,kWh
03/19/2019 00:00:00,Electricity,1000 Hakaniemen kauppahalli,4,kWh
03/20/2019 00:00:00,Electricity,1000 Hakaniemen kauppahalli,5,kWh
03/21/2019 00:00:00,Electricity,1000 Hakaniemen kauppahalli,16,kWh
03/22/2019 00:00:00,Electricity,1000 Hakaniemen kauppahalli,25,kWh
03/23/2019 00:00:00,Electricity,1000 Hakaniemen kauppahalli,14,kWh
03/24/2019 00:00:00,Electricity,1000 Hakaniemen kauppahalli,1,kWh
03/25/2019 00:00:00,Electricity,1000 Hakaniemen kauppahalli,8,kWh
03/26/2019 00:00:00,Electricity,1000 Hakaniemen kauppahalli,33,kWh
03/27/2019 00:00:00,Electricity,1000 Hakaniemen kauppahalli,18,kWh
03/28/2019 00:00:00,Electricity,1000 Hakaniemen kauppahalli,19,kWh
03/29/2019 00:00:00,Electricity,1000 Hakaniemen kauppahalli,15,kWh
03/30/2019 00:00:00,Electricity,1000 Hakaniemen kauppahalli,28,kWh
03/31/2019 00:00:00,Electricity,1000 Hakaniemen kauppahalli,1,kWh
04/01/2019 00:00:00,Electricity,1000 Hakaniemen kauppahalli,11,kWh
04/02/2019 00:00:00,Electricity,1000 Hakaniemen kauppahalli,11,kWh
04/03/2019 00:00:00,Electricity,1000 Hakaniemen kauppahalli,11,kWh
04/04/2019 00:00:00,Electricity,1000 Hakaniemen kauppahalli,33,kWh
04/05/2019 00:00:00,Electricity,1000 Hakaniemen kauppahalli,37,kWh
04/06/2019 00:00:00,Electricity,1000 Hakaniemen kauppahalli,84,kWh
04/07/2019 00:00:00,Electricity,1000 Hakaniemen kauppahalli,67,kWh
04/08/2019 00:00:00,Electricity,1000 Hakaniemen kauppahalli,14,kWh
04/09/2019 00:00:00,Electricity,1000 Hakaniemen kauppahalli,20,kWh
04/10/2019 00:00:00,Electricity,1000 Hakaniemen kauppahalli,43,kWh
04/11/2019 00:00:00,Electricity,1000 Hakaniemen kauppahalli,61,kWh
04/12/2019 00:00:00,Electricity,1000 Hakaniemen kauppahalli,57,kWh
04/13/2019 00:00:00,Electricity,1000 Hakaniemen kauppahalli,61,kWh
04/14/2019 00:00:00,Electricity,1000 Hakaniemen kauppahalli,1,kWh
04/15/2019 00:00:00,Electricity,1000 Hakaniemen kauppahalli,53,kWh
04/16/2019 00:00:00,Electricity,1000 Hakaniemen kauppahalli,59,kWh
04/17/2019 00:00:00,Electricity,1000 Hakaniemen kauppahalli,62,kWh
04/18/2019 00:00:00,Electricity,1000 Hakaniemen kauppahalli,58,kWh
04/19/2019 00:00:00,Electricity,1000 Hakaniemen kauppahalli,1,kWh
04/20/2019 00:00:00,Electricity,1000 Hakaniemen kauppahalli,61,kWh
04/21/2019 00:00:00,Electricity,1000 Hakaniemen kauppahalli,1,kWh
04/22/2019 00:00:00,Electricity,1000 Hakaniemen kauppahalli,1,kWh
04/23/2019 00:00:00,Electricity,1000 Hakaniemen kauppahalli,64,kWh
04/24/2019 00:00:00,Electricity,1000 Hakaniemen kauppahalli,57,kWh
04/25/2019 00:00:00,Electricity,1000 Hakaniemen kauppahalli,49,kWh
04/26/2019 00:00:00,Electricity,1000 Hakaniemen kauppahalli,51,kWh
04/27/2019 00:00:00,Electricity,1000 Hakaniemen kauppahalli,66,kWh
04/28/2019 00:00:00,Electricity,1000 Hakaniemen kauppahalli,1,kWh
04/29/2019 00:00:00,Electricity,1000 Hakaniemen kauppahalli,45,kWh
04/30/2019 00:00:00,Electricity,1000 Hakaniemen kauppahalli,61,kWh
05/01/2019 00:00:00,Electricity,1000 Hakaniemen kauppahalli,1,kWh
05/02/2019 00:00:00,Electricity,1000 Hakaniemen kauppahalli,35,kWh
05/03/2019 00:00:00,Electricity,1000 Hakaniemen kauppahalli,76,kWh
05/04/2019 00:00:00,Electricity,1000 Hakaniemen kauppahalli,86,kWh
05/05/2019 00:00:00,Electricity,1000 Hakaniemen kauppahalli,37,kWh
05/06/2019 00:00:00,Electricity,1000 Hakaniemen kauppahalli,35,kWh
05/07/2019 00:00:00,Electricity,1000 Hakaniemen kauppahalli,55,kWh
05/08/2019 00:00:00,Electricity,1000 Hakaniemen kauppahalli,66,kWh
05/09/2019 00:00:00,Electricity,1000 Hakaniemen kauppahalli,59,kWh
05/10/2019 00:00:00,Electricity,1000 Hakaniemen kauppahalli,57,kWh
05/11/2019 00:00:00,Electricity,1000 Hakaniemen kauppahalli,71,kWh
05/12/2019 00:00:00,Electricity,1000 Hakaniemen kauppahalli,15,kWh
05/13/2019 00:00:00,Electricity,1000 Hakaniemen kauppahalli,58,kWh
05/14/2019 00:00:00,Electricity,1000 Hakaniemen kauppahalli,46,kWh
05/15/2019 00:00:00,Electricity,1000 Hakaniemen kauppahalli,46,kWh
05/16/2019 00:00:00,Electricity,1000 Hakaniemen kauppahalli,45,kWh
05/17/2019 00:00:00,Electricity,1000 Hakaniemen kauppahalli,49,kWh
05/18/2019 00:00:00,Electricity,1000 Hakaniemen kauppahalli,57,kWh
05/19/2019 00:00:00,Electricity,1000 Hakaniemen kauppahalli,19,kWh
05/20/2019 00:00:00,Electricity,1000 Hakaniemen kauppahalli,42,kWh
05/21/2019 00:00:00,Electricity,1000 Hakaniemen kauppahalli,45,kWh
05/22/2019 00:00:00,Electricity,1000 Hakaniemen kauppahalli,46,kWh
05/23/2019 00:00:00,Electricity,1000 Hakaniemen kauppahalli,41,kWh
05/24/2019 00:00:00,Electricity,1000 Hakaniemen kauppahalli,57,kWh
05/25/2019 00:00:00,Electricity,1000 Hakaniemen kauppahalli,56,kWh
05/26/2019 00:00:00,Electricity,1000 Hakaniemen kauppahalli,19,kWh
05/27/2019 00:00:00,Electricity,1000 Hakaniemen kauppahalli,34,kWh
05/28/2019 00:00:00,Electricity,1000 Hakaniemen kauppahalli,54,kWh
05/29/2019 00:00:00,Electricity,1000 Hakaniemen kauppahalli,38,kWh
05/30/2019 00:00:00,Electricity,1000 Hakaniemen kauppahalli,1,kWh
05/31/2019 00:00:00,Electricity,1000 Hakaniemen kauppahalli,49,kWh
06/01/2019 00:00:00,Electricity,1000 Hakaniemen kauppahalli,65,kWh
06/02/2019 00:00:00,Electricity,1000 Hakaniemen kauppahalli,53,kWh
06/03/2019 00:00:00,Electricity,1000 Hakaniemen kauppahalli,49,kWh
06/04/2019 00:00:00,Electricity,1000 Hakaniemen kauppahalli,41,kWh
06/05/2019 00:00:00,Electricity,1000 Hakaniemen kauppahalli,53,kWh
06/06/2019 00:00:00,Electricity,1000 Hakaniemen kauppahalli,50,kWh
06/07/2019 00:00:00,Electricity,1000 Hakaniemen kauppahalli,50,kWh
06/08/2019 00:00:00,Electricity,1000 Hakaniemen kauppahalli,54,kWh
06/09/2019 00:00:00,Electricity,1000 Hakaniemen kauppahalli,20,kWh
06/10/2019 00:00:00,Electricity,1000 Hakaniemen kauppahalli,42,kWh
06/11/2019 00:00:00,Electricity,1000 Hakaniemen kauppahalli,45,kWh
06/12/2019 00:00:00,Electricity,1000 Hakaniemen kauppahalli,41,kWh
06/13/2019 00:00:00,Electricity,1000 Hakaniemen kauppahalli,39,kWh
06/14/2019 00:00:00,Electricity,1000 Hakaniemen kauppahalli,42,kWh
06/15/2019 00:00:00,Electricity,1000 Hakaniemen kauppahalli,57,kWh
06/16/2019 00:00:00,Electricity,1000 Hakaniemen kauppahalli,26,kWh
06/17/2019 00:00:00,Electricity,1000 Hakaniemen kauppahalli,47,kWh
06/18/2019 00:00:00,Electricity,1000 Hakaniemen kauppahalli,47,kWh
06/19/2019 00:00:00,Electricity,1000 Hakaniemen kauppahalli,52,kWh
06/20/2019 00:00:00,Electricity,1000 Hakaniemen kauppahalli,55,kWh
06/21/2019 00:00:00,Electricity,1000 Hakaniemen kauppahalli,82,kWh
06/22/2019 00:00:00,Electricity,1000 Hakaniemen kauppahalli,1,kWh
06/23/2019 00:00:00,Electricity,1000 Hakaniemen kauppahalli,28,kWh
06/24/2019 00:00:00,Electricity,1000 Hakaniemen kauppahalli,46,kWh
06/25/2019 00:00:00,Electricity,1000 Hakaniemen kauppahalli,46,kWh
06/26/2019 00:00:00,Electricity,1000 Hakaniemen kauppahalli,42,kWh
06/27/2019 00:00:00,Electricity,1000 Hakaniemen kauppahalli,32,kWh
06/28/2019 00:00:00,Electricity,1000 Hakaniemen kauppahalli,51,kWh
06/29/2019 00:00:00,Electricity,1000 Hakaniemen kauppahalli,51,kWh
06/30/2019 00:00:00,Electricity,1000 Hakaniemen kauppahalli,10,kWh
07/01/2019 00:00:00,Electricity,1000 Hakaniemen kauppahalli,47,kWh
07/02/2019 00:00:00,Electricity,1000 Hakaniemen kauppahalli,40,kWh
07/03/2019 00:00:00,Electricity,1000 Hakaniemen kauppahalli,56,kWh
07/04/2019 00:00:00,Electricity,1000 Hakaniemen kauppahalli,59,kWh
07/05/2019 00:00:00,Electricity,1000 Hakaniemen kauppahalli,53,kWh
07/06/2019 00:00:00,Electricity,1000 Hakaniemen kauppahalli,67,kWh
07/07/2019 00:00:00,Electricity,1000 Hakaniemen kauppahalli,30,kWh
07/08/2019 00:00:00,Electricity,1000 Hakaniemen kauppahalli,52,kWh
07/09/2019 00:00:00,Electricity,1000 Hakaniemen kauppahalli,53,kWh
07/10/2019 00:00:00,Electricity,1000 Hakaniemen kauppahalli,58,kWh
07/11/2019 00:00:00,Electricity,1000 Hakaniemen kauppahalli,48,kWh
07/12/2019 00:00:00,Electricity,1000 Hakaniemen kauppahalli,58,kWh
07/13/2019 00:00:00,Electricity,1000 Hakaniemen kauppahalli,62,kWh
07/14/2019 00:00:00,Electricity,1000 Hakaniemen kauppahalli,25,kWh
07/15/2019 00:00:00,Electricity,1000 Hakaniemen kauppahalli,52,kWh
07/16/2019 00:00:00,Electricity,1000 Hakaniemen kauppahalli,45,kWh
07/17/2019 00:00:00,Electricity,1000 Hakaniemen kauppahalli,58,kWh
07/18/2019 00:00:00,Electricity,1000 Hakaniemen kauppahalli,54,kWh
07/19/2019 00:00:00,Electricity,1000 Hakaniemen kauppahalli,55,kWh
07/20/2019 00:00:00,Electricity,1000 Hakaniemen kauppahalli,59,kWh
07/21/2019 00:00:00,Electricity,1000 Hakaniemen kauppahalli,33,kWh
07/22/2019 00:00:00,Electricity,1000 Hakaniemen kauppahalli,48,kWh
07/23/2019 00:00:00,Electricity,1000 Hakaniemen kauppahalli,48,kWh
07/24/2019 00:00:00,Electricity,1000 Hakaniemen kauppahalli,48,kWh
07/25/2019 00:00:00,Electricity,1000 Hakaniemen kauppahalli,48,kWh
07/26/2019 00:00:00,Electricity,1000 Hakaniemen kauppahalli,46,kWh
07/27/2019 00:00:00,Electricity,1000 Hakaniemen kauppahalli,47,kWh
07/28/2019 00:00:00,Electricity,1000 Hakaniemen kauppahalli,23,kWh
07/29/2019 00:00:00,Electricity,1000 Hakaniemen kauppahalli,45,kWh
07/30/2019 00:00:00,Electricity,1000 Hakaniemen kauppahalli,44,kWh
07/31/2019 00:00:00,Electricity,1000 Hakaniemen kauppahalli,45,kWh
08/01/2019 00:00:00,Electricity,1000 Hakaniemen kauppahalli,46,kWh
08/02/2019 00:00:00,Electricity,1000 Hakaniemen kauppahalli,48,kWh
08/03/2019 00:00:00,Electricity,1000 Hakaniemen kauppahalli,53,kWh
08/04/2019 00:00:00,Electricity,1000 Hakaniemen kauppahalli,22,kWh
08/05/2019 00:00:00,Electricity,1000 Hakaniemen kauppahalli,46,kWh
08/06/2019 00:00:00,Electricity,1000 Hakaniemen kauppahalli,46,kWh
08/07/2019 00:00:00,Electricity,1000 Hakaniemen kauppahalli,38,kWh
08/08/2019 00:00:00,Electricity,1000 Hakaniemen kauppahalli,42,kWh
08/09/2019 00:00:00,Electricity,1000 Hakaniemen kauppahalli,44,kWh
08/10/2019 00:00:00,Electricity,1000 Hakaniemen kauppahalli,55,kWh
08/11/2019 00:00:00,Electricity,1000 Hakaniemen kauppahalli,15,kWh
08/12/2019 00:00:00,Electricity,1000 Hakaniemen kauppahalli,43,kWh
08/13/2019 00:00:00,Electricity,1000 Hakaniemen kauppahalli,42,kWh
08/14/2019 00:00:00,Electricity,1000 Hakaniemen kauppahalli,41,kWh
08/15/2019 00:00:00,Electricity,1000 Hakaniemen kauppahalli,42,kWh
08/16/2019 00:00:00,Electricity,1000 Hakaniemen kauppahalli,46,kWh
08/17/2019 00:00:00,Electricity,1000 Hakaniemen kauppahalli,55,kWh
08/18/2019 00:00:00,Electricity,1000 Hakaniemen kauppahalli,28,kWh
08/19/2019 00:00:00,Electricity,1000 Hakaniemen kauppahalli,32,kWh
08/20/2019 00:00:00,Electricity,1000 Hakaniemen kauppahalli,41,kWh
08/21/2019 00:00:00,Electricity,1000 Hakaniemen kauppahalli,44,kWh
08/22/2019 00:00:00,Electricity,1000 Hakaniemen kauppahalli,48,kWh
08/23/2019 00:00:00,Electricity,1000 Hakaniemen kauppahalli,36,kWh
08/24/2019 00:00:00,Electricity,1000 Hakaniemen kauppahalli,58,kWh
08/25/2019 00:00:00,Electricity,1000 Hakaniemen kauppahalli,27,kWh
08/26/2019 00:00:00,Electricity,1000 Hakaniemen kauppahalli,41,kWh
08/27/2019 00:00:00,Electricity,1000 Hakaniemen kauppahalli,49,kWh
08/28/2019 00:00:00,Electricity,1000 Hakaniemen kauppahalli,49,kWh
08/29/2019 00:00:00,Electricity,1000 Hakaniemen kauppahalli,49,kWh
08/30/2019 00:00:00,Electricity,1000 Hakaniemen kauppahalli,46,kWh
08/31/2019 00:00:00,Electricity,1000 Hakaniemen kauppahalli,54,kWh
09/01/2019 00:00:00,Electricity,1000 Hakaniemen kauppahalli,14,kWh
09/02/2019 00:00:00,Electricity,1000 Hakaniemen kauppahalli,42,kWh
09/03/2019 00:00:00,Electricity,1000 Hakaniemen kauppahalli,39,kWh
09/04/2019 00:00:00,Electricity,1000 Hakaniemen kauppahalli,38,kWh
09/05/2019 00:00:00,Electricity,1000 Hakaniemen kauppahalli,37,kWh
09/06/2019 00:00:00,Electricity,1000 Hakaniemen kauppahalli,37,kWh
09/07/2019 00:00:00,Electricity,1000 Hakaniemen kauppahalli,47,kWh
09/08/2019 00:00:00,Electricity,1000 Hakaniemen kauppahalli,1,kWh
09/09/2019 00:00:00,Electricity,1000 Hakaniemen kauppahalli,31,kWh
09/10/2019 00:00:00,Electricity,1000 Hakaniemen kauppahalli,43,kWh
09/11/2019 00:00:00,Electricity,1000 Hakaniemen kauppahalli,37,kWh
09/12/2019 00:00:00,Electricity,1000 Hakaniemen kauppahalli,35,kWh
09/13/2019 00:00:00,Electricity,1000 Hakaniemen kauppahalli,39,kWh
09/14/2019 00:00:00,Electricity,1000 Hakaniemen kauppahalli,50,kWh
09/15/2019 00:00:00,Electricity,1000 Hakaniemen kauppahalli,1,kWh
09/16/2019 00:00:00,Electricity,1000 Hakaniemen kauppahalli,39,kWh
09/17/2019 00:00:00,Electricity,1000 Hakaniemen kauppahalli,35,kWh
09/18/2019 00:00:00,Electricity,1000 Hakaniemen kauppahalli,40,kWh
09/19/2019 00:00:00,Electricity,1000 Hakaniemen kauppahalli,53,kWh
09/20/2019 00:00:00,Electricity,1000 Hakaniemen kauppahalli,54,kWh
09/21/2019 00:00:00,Electricity,1000 Hakaniemen kauppahalli,52,kWh
09/22/2019 00:00:00,Electricity,1000 Hakaniemen kauppahalli,1,kWh
09/23/2019 00:00:00,Electricity,1000 Hakaniemen kauppahalli,47,kWh
09/24/2019 00:00:00,Electricity,1000 Hakaniemen kauppahalli,55,kWh
09/25/2019 00:00:00,Electricity,1000 Hakaniemen kauppahalli,60,kWh
09/26/2019 00:00:00,Electricity,1000 Hakaniemen kauppahalli,58,kWh
09/27/2019 00:00:00,Electricity,1000 Hakaniemen kauppahalli,60,kWh
09/28/2019 00:00:00,Electricity,1000 Hakaniemen kauppahalli,61,kWh
09/29/2019 00:00:00,Electricity,1000 Hakaniemen kauppahalli,1,kWh
09/30/2019 00:00:00,Electricity,1000 Hakaniemen kauppahalli,39,kWh
10/01/2019 00:00:00,Electricity,1000 Hakaniemen kauppahalli,42,kWh
10/02/2019 00:00:00,Electricity,1000 Hakaniemen kauppahalli,49,kWh
10/03/2019 00:00:00,Electricity,1000 Hakaniemen kauppahalli,40,kWh
10/04/2019 00:00:00,Electricity,1000 Hakaniemen kauppahalli,65,kWh
10/05/2019 00:00:00,Electricity,1000 Hakaniemen kauppahalli,88,kWh
10/06/2019 00:00:00,Electricity,1000 Hakaniemen kauppahalli,63,kWh
10/07/2019 00:00:00,Electricity,1000 Hakaniemen kauppahalli,29,kWh
10/08/2019 00:00:00,Electricity,1000 Hakaniemen kauppahalli,40,kWh
10/09/2019 00:00:00,Electricity,1000 Hakaniemen kauppahalli,42,kWh
10/10/2019 00:00:00,Electricity,1000 Hakaniemen kauppahalli,41,kWh
10/11/2019 00:00:00,Electricity,1000 Hakaniemen kauppahalli,44,kWh
10/12/2019 00:00:00,Electricity,1000 Hakaniemen kauppahalli,54,kWh
10/13/2019 00:00:00,Electricity,1000 Hakaniemen kauppahalli,1,kWh
10/14/2019 00:00:00,Electricity,1000 Hakaniemen kauppahalli,25,kWh
10/15/2019 00:00:00,Electricity,1000 Hakaniemen kauppahalli,40,kWh
10/16/2019 00:00:00,Electricity,1000 Hakaniemen kauppahalli,39,kWh
10/17/2019 00:00:00,Electricity,1000 Hakaniemen kauppahalli,36,kWh
10/18/2019 00:00:00,Electricity,1000 Hakaniemen kauppahalli,40,kWh
10/19/2019 00:00:00,Electricity,1000 Hakaniemen kauppahalli,45,kWh
10/20/2019 00:00:00,Electricity,1000 Hakaniemen kauppahalli,1,kWh
10/21/2019 00:00:00,Electricity,1000 Hakaniemen kauppahalli,26,kWh
10/22/2019 00:00:00,Electricity,1000 Hakaniemen kauppahalli,36,kWh
10/23/2019 00:00:00,Electricity,1000 Hakaniemen kauppahalli,46,kWh
10/24/2019 00:00:00,Electricity,1000 Hakaniemen kauppahalli,42,kWh
10/25/2019 00:00:00,Electricity,1000 Hakaniemen kauppahalli,41,kWh
10/26/2019 00:00:00,Electricity,1000 Hakaniemen kauppahalli,54,kWh
10/27/2019 00:00:00,Electricity,1000 Hakaniemen kauppahalli,1,kWh
10/28/2019 00:00:00,Electricity,1000 Hakaniemen kauppahalli,45,kWh
10/29/2019 00:00:00,Electricity,1000 Hakaniemen kauppahalli,59,kWh
10/30/2019 00:00:00,Electricity,1000 Hakaniemen kauppahalli,64,kWh
10/31/2019 00:00:00,Electricity,1000 Hakaniemen kauppahalli,63,kWh
11/01/2019 00:00:00,Electricity,1000 Hakaniemen kauppahalli,45,kWh
11/02/2019 00:00:00,Electricity,1000 Hakaniemen kauppahalli,2,kWh
11/03/2019 00:00:00,Electricity,1000 Hakaniemen kauppahalli,50,kWh
11/04/2019 00:00:00,Electricity,1000 Hakaniemen kauppahalli,45,kWh
11/05/2019 00:00:00,Electricity,1000 Hakaniemen kauppahalli,53,kWh
11/06/2019 00:00:00,Electricity,1000 Hakaniemen kauppahalli,66,kWh
11/07/2019 00:00:00,Electricity,1000 Hakaniemen kauppahalli,57,kWh
11/08/2019 00:00:00,Electricity,1000 Hakaniemen kauppahalli,58,kWh
11/09/2019 00:00:00,Electricity,1000 Hakaniemen kauppahalli,38,kWh
11/10/2019 00:00:00,Electricity,1000 Hakaniemen kauppahalli,1,kWh
11/11/2019 00:00:00,Electricity,1000 Hakaniemen kauppahalli,47,kWh
11/12/2019 00:00:00,Electricity,1000 Hakaniemen kauppahalli,53,kWh
11/13/2019 00:00:00,Electricity,1000 Hakaniemen kauppahalli,29,kWh
11/14/2019 00:00:00,Electricity,1000 Hakaniemen kauppahalli,25,kWh
11/15/2019 00:00:00,Electricity,1000 Hakaniemen kauppahalli,62,kWh
11/16/2019 00:00:00,Electricity,1000 Hakaniemen kauppahalli,70,kWh
11/17/2019 00:00:00,Electricity,1000 Hakaniemen kauppahalli,1,kWh
11/18/2019 00:00:00,Electricity,1000 Hakaniemen kauppahalli,46,kWh
11/19/2019 00:00:00,Electricity,1000 Hakaniemen kauppahalli,48,kWh
11/20/2019 00:00:00,Electricity,1000 Hakaniemen kauppahalli,43,kWh
11/21/2019 00:00:00,Electricity,1000 Hakaniemen kauppahalli,63,kWh
11/22/2019 00:00:00,Electricity,1000 Hakaniemen kauppahalli,74,kWh
11/23/2019 00:00:00,Electricity,1000 Hakaniemen kauppahalli,77,kWh
11/24/2019 00:00:00,Electricity,1000 Hakaniemen kauppahalli,1,kWh
11/25/2019 00:00:00,Electricity,1000 Hakaniemen kauppahalli,49,kWh
11/26/2019 00:00:00,Electricity,1000 Hakaniemen kauppahalli,57,kWh
11/27/2019 00:00:00,Electricity,1000 Hakaniemen kauppahalli,50,kWh
11/28/2019 00:00:00,Electricity,1000 Hakaniemen kauppahalli,51,kWh
11/29/2019 00:00:00,Electricity,1000 Hakaniemen kauppahalli,57,kWh
11/30/2019 00:00:00,Electricity,1000 Hakaniemen kauppahalli,111,kWh
12/01/2019 00:00:00,Electricity,1000 Hakaniemen kauppahalli,53,kWh
12/02/2019 00:00:00,Electricity,1000 Hakaniemen kauppahalli,46,kWh
12/03/2019 00:00:00,Electricity,1000 Hakaniemen kauppahalli,77,kWh
12/04/2019 00:00:00,Electricity,1000 Hakaniemen kauppahalli,61,kWh
12/05/2019 00:00:00,Electricity,1000 Hakaniemen kauppahalli,64,kWh
12/06/2019 00:00:00,Electricity,1000 Hakaniemen kauppahalli,2,kWh
12/07/2019 00:00:00,Electricity,1000 Hakaniemen kauppahalli,62,kWh
12/08/2019 00:00:00,Electricity,1000 Hakaniemen kauppahalli,2,kWh
12/09/2019 00:00:00,Electricity,1000 Hakaniemen kauppahalli,47,kWh
12/10/2019 00:00:00,Electricity,1000 Hakaniemen kauppahalli,65,kWh
12/11/2019 00:00:00,Electricity,1000 Hakaniemen kauppahalli,78,kWh
12/12/2019 00:00:00,Electricity,1000 Hakaniemen kauppahalli,78,kWh
12/13/2019 00:00:00,Electricity,1000 Hakaniemen kauppahalli,78,kWh
12/14/2019 00:00:00,Electricity,1000 Hakaniemen kauppahalli,82,kWh
12/15/2019 00:00:00,Electricity,1000 Hakaniemen kauppahalli,1,kWh
12/16/2019 00:00:00,Electricity,1000 Hakaniemen kauppahalli,77,kWh
12/17/2019 00:00:00,Electricity,1000 Hakaniemen kauppahalli,73,kWh
12/18/2019 00:00:00,Electricity,1000 Hakaniemen kauppahalli,67,kWh
12/19/2019 00:00:00,Electricity,1000 Hakaniemen kauppahalli,80,kWh
12/20/2019 00:00:00,Electricity,1000 Hakaniemen kauppahalli,86,kWh
12/21/2019 00:00:00,Electricity,1000 Hakaniemen kauppahalli,107,kWh
12/22/2019 00:00:00,Electricity,1000 Hakaniemen kauppahalli,80,kWh
12/23/2019 00:00:00,Electricity,1000 Hakaniemen kauppahalli,120,kWh
12/24/2019 00:00:00,Electricity,1000 Hakaniemen kauppahalli,31,kWh
12/25/2019 00:00:00,Electricity,1000 Hakaniemen kauppahalli,2,kWh
12/26/2019 00:00:00,Electricity,1000 Hakaniemen kauppahalli,2,kWh
12/27/2019 00:00:00,Electricity,1000 Hakaniemen kauppahalli,34,kWh
12/28/2019 00:00:00,Electricity,1000 Hakaniemen kauppahalli,64,kWh
12/29/2019 00:00:00,Electricity,1000 Hakaniemen kauppahalli,2,kWh
12/30/2019 00:00:00,Electricity,1000 Hakaniemen kauppahalli,2,kWh
12/31/2019 00:00:00,Electricity,1000 Hakaniemen kauppahalli,28,kWh
